country_code_numeric,country_code,country,age_from,age_to,year,gender,value
854,BFA,Burkina Faso,0,0,1950,both,30.943212
854,BFA,Burkina Faso,1,4,1950,both,38.988279
854,BFA,Burkina Faso,5,9,1950,both,43.92363
854,BFA,Burkina Faso,10,14,1950,both,41.717468
854,BFA,Burkina Faso,15,19,1950,both,38.042707
854,BFA,Burkina Faso,20,24,1950,both,34.800399
854,BFA,Burkina Faso,25,29,1950,both,32.050364
854,BFA,Burkina Faso,30,34,1950,both,29.18835
854,BFA,Burkina Faso,35,39,1950,both,26.145675
854,BFA,Burkina Faso,40,44,1950,both,23.03573
854,BFA,Burkina Faso,45,49,1950,both,19.88003
854,BFA,Burkina Faso,50,54,1950,both,16.658986
854,BFA,Burkina Faso,55,59,1950,both,13.564309
854,BFA,Burkina Faso,60,64,1950,both,10.624723
854,BFA,Burkina Faso,65,69,1950,both,8.1109394
854,BFA,Burkina Faso,70,74,1950,both,5.9498444
854,BFA,Burkina Faso,75,79,1950,both,4.2596641
854,BFA,Burkina Faso,80,84,1950,both,3.0268677
854,BFA,Burkina Faso,85,89,1950,both,2.2235493
854,BFA,Burkina Faso,90,94,1950,both,1.6401125
854,BFA,Burkina Faso,95,99,1950,both,1.4304774
854,BFA,Burkina Faso,100,120,1950,both,1.2436419
854,BFA,Burkina Faso,0,0,1955,both,33.292453
854,BFA,Burkina Faso,1,4,1955,both,41.000785
854,BFA,Burkina Faso,5,9,1955,both,45.671979
854,BFA,Burkina Faso,10,14,1955,both,43.278129
854,BFA,Burkina Faso,15,19,1955,both,39.521102
854,BFA,Burkina Faso,20,24,1955,both,36.172393
854,BFA,Burkina Faso,25,29,1955,both,33.283967
854,BFA,Burkina Faso,30,34,1955,both,30.288912
854,BFA,Burkina Faso,35,39,1955,both,27.129697
854,BFA,Burkina Faso,40,44,1955,both,23.911152
854,BFA,Burkina Faso,45,49,1955,both,20.65462
854,BFA,Burkina Faso,50,54,1955,both,17.343704
854,BFA,Burkina Faso,55,59,1955,both,14.163902
854,BFA,Burkina Faso,60,64,1955,both,11.144572
854,BFA,Burkina Faso,65,69,1955,both,8.5455785
854,BFA,Burkina Faso,70,74,1955,both,6.3029558
854,BFA,Burkina Faso,75,79,1955,both,4.5370599
854,BFA,Burkina Faso,80,84,1955,both,3.2270671
854,BFA,Burkina Faso,85,89,1955,both,2.3543902
854,BFA,Burkina Faso,90,94,1955,both,1.7354855
854,BFA,Burkina Faso,95,99,1955,both,1.4935945
854,BFA,Burkina Faso,100,120,1955,both,1.2844255
854,BFA,Burkina Faso,0,0,1960,both,35.590499
854,BFA,Burkina Faso,1,4,1960,both,42.976278
854,BFA,Burkina Faso,5,9,1960,both,47.346752
854,BFA,Burkina Faso,10,14,1960,both,44.772033
854,BFA,Burkina Faso,15,19,1960,both,40.93563
854,BFA,Burkina Faso,20,24,1960,both,37.484246
854,BFA,Burkina Faso,25,29,1960,both,34.463913
854,BFA,Burkina Faso,30,34,1960,both,31.342664
854,BFA,Burkina Faso,35,39,1960,both,28.071997
854,BFA,Burkina Faso,40,44,1960,both,24.749127
854,BFA,Burkina Faso,45,49,1960,both,21.396336
854,BFA,Burkina Faso,50,54,1960,both,18.000897
854,BFA,Burkina Faso,55,59,1960,both,14.740775
854,BFA,Burkina Faso,60,64,1960,both,11.645167
854,BFA,Burkina Faso,65,69,1960,both,8.9632238
854,BFA,Burkina Faso,70,74,1960,both,6.6396389
854,BFA,Burkina Faso,75,79,1960,both,4.7968885
854,BFA,Burkina Faso,80,84,1960,both,3.4166069
854,BFA,Burkina Faso,85,89,1960,both,2.4827452
854,BFA,Burkina Faso,90,94,1960,both,1.8212038
854,BFA,Burkina Faso,95,99,1960,both,1.5508418
854,BFA,Burkina Faso,100,120,1960,both,1.3214143
854,BFA,Burkina Faso,0,0,1965,both,38.041303
854,BFA,Burkina Faso,1,4,1965,both,44.877888
854,BFA,Burkina Faso,5,9,1965,both,48.92682
854,BFA,Burkina Faso,10,14,1965,both,46.179053
854,BFA,Burkina Faso,15,19,1965,both,42.266813
854,BFA,Burkina Faso,20,24,1965,both,38.718027
854,BFA,Burkina Faso,25,29,1965,both,35.573274
854,BFA,Burkina Faso,30,34,1965,both,32.3337
854,BFA,Burkina Faso,35,39,1965,both,28.958915
854,BFA,Burkina Faso,40,44,1965,both,25.538292
854,BFA,Burkina Faso,45,49,1965,both,22.094046
854,BFA,Burkina Faso,50,54,1965,both,18.61875
854,BFA,Burkina Faso,55,59,1965,both,15.283469
854,BFA,Burkina Faso,60,64,1965,both,12.11632
854,BFA,Burkina Faso,65,69,1965,both,9.3553172
854,BFA,Burkina Faso,70,74,1965,both,6.953939
854,BFA,Burkina Faso,75,79,1965,both,5.0368851
854,BFA,Burkina Faso,80,84,1965,both,3.5897609
854,BFA,Burkina Faso,85,89,1965,both,2.6015223
854,BFA,Burkina Faso,90,94,1965,both,1.9185933
854,BFA,Burkina Faso,95,99,1965,both,1.6069724
854,BFA,Burkina Faso,100,120,1965,both,1.3533169
854,BFA,Burkina Faso,0,0,1970,both,40.275579
854,BFA,Burkina Faso,1,4,1970,both,46.517378
854,BFA,Burkina Faso,5,9,1970,both,50.655356
854,BFA,Burkina Faso,10,14,1970,both,47.718443
854,BFA,Burkina Faso,15,19,1970,both,43.723217
854,BFA,Burkina Faso,20,24,1970,both,40.066802
854,BFA,Burkina Faso,25,29,1970,both,36.784537
854,BFA,Burkina Faso,30,34,1970,both,33.415493
854,BFA,Burkina Faso,35,39,1970,both,29.926485
854,BFA,Burkina Faso,40,44,1970,both,26.399654
854,BFA,Burkina Faso,45,49,1970,both,22.856762
854,BFA,Burkina Faso,50,54,1970,both,19.293942
854,BFA,Burkina Faso,55,59,1970,both,15.876579
854,BFA,Burkina Faso,60,64,1970,both,12.631901
854,BFA,Burkina Faso,65,69,1970,both,9.7839487
854,BFA,Burkina Faso,70,74,1970,both,7.2959015
854,BFA,Burkina Faso,75,79,1970,both,5.2958299
854,BFA,Burkina Faso,80,84,1970,both,3.7749778
854,BFA,Burkina Faso,85,89,1970,both,2.7268276
854,BFA,Burkina Faso,90,94,1970,both,2.0157194
854,BFA,Burkina Faso,95,99,1970,both,1.6759261
854,BFA,Burkina Faso,100,120,1970,both,1.4018207
854,BFA,Burkina Faso,0,0,1975,both,43.396496
854,BFA,Burkina Faso,1,4,1975,both,49.001372
854,BFA,Burkina Faso,5,9,1975,both,53.059302
854,BFA,Burkina Faso,10,14,1975,both,49.834044
854,BFA,Burkina Faso,15,19,1975,both,45.721052
854,BFA,Burkina Faso,20,24,1975,both,41.916694
854,BFA,Burkina Faso,25,29,1975,both,38.445028
854,BFA,Burkina Faso,30,34,1975,both,34.897214
854,BFA,Burkina Faso,35,39,1975,both,31.252181
854,BFA,Burkina Faso,40,44,1975,both,27.578996
854,BFA,Burkina Faso,45,49,1975,both,23.903212
854,BFA,Burkina Faso,50,54,1975,both,20.222578
854,BFA,Burkina Faso,55,59,1975,both,16.689976
854,BFA,Burkina Faso,60,64,1975,both,13.337325
854,BFA,Burkina Faso,65,69,1975,both,10.365644
854,BFA,Burkina Faso,70,74,1975,both,7.7550444
854,BFA,Burkina Faso,75,79,1975,both,5.6387763
854,BFA,Burkina Faso,80,84,1975,both,4.0157167
854,BFA,Burkina Faso,85,89,1975,both,2.8862273
854,BFA,Burkina Faso,90,94,1975,both,2.1280396
854,BFA,Burkina Faso,95,99,1975,both,1.7451274
854,BFA,Burkina Faso,100,120,1975,both,1.4433724
854,BFA,Burkina Faso,0,0,1980,both,48.40051
854,BFA,Burkina Faso,1,4,1980,both,53.909312
854,BFA,Burkina Faso,5,9,1980,both,57.384397
854,BFA,Burkina Faso,10,14,1980,both,53.644915
854,BFA,Burkina Faso,15,19,1980,both,49.309303
854,BFA,Burkina Faso,20,24,1980,both,45.205895
854,BFA,Burkina Faso,25,29,1980,both,41.356538
854,BFA,Burkina Faso,30,34,1980,both,37.457041
854,BFA,Burkina Faso,35,39,1980,both,33.515226
854,BFA,Burkina Faso,40,44,1980,both,29.566742
854,BFA,Burkina Faso,45,49,1980,both,25.652006
854,BFA,Burkina Faso,50,54,1980,both,21.768412
854,BFA,Burkina Faso,55,59,1980,both,18.042887
854,BFA,Burkina Faso,60,64,1980,both,14.503816
854,BFA,Burkina Faso,65,69,1980,both,11.320637
854,BFA,Burkina Faso,70,74,1980,both,8.4975453
854,BFA,Burkina Faso,75,79,1980,both,6.1773603
854,BFA,Burkina Faso,80,84,1980,both,4.3813703
854,BFA,Burkina Faso,85,89,1980,both,3.1174854
854,BFA,Burkina Faso,90,94,1980,both,2.2749009
854,BFA,Burkina Faso,95,99,1980,both,1.8301983
854,BFA,Burkina Faso,100,120,1980,both,1.4888865
854,BFA,Burkina Faso,0,0,1985,both,49.481728
854,BFA,Burkina Faso,1,4,1985,both,54.537085
854,BFA,Burkina Faso,5,9,1985,both,57.466858
854,BFA,Burkina Faso,10,14,1985,both,53.717897
854,BFA,Burkina Faso,15,19,1985,both,49.37809
854,BFA,Burkina Faso,20,24,1985,both,45.271201
854,BFA,Burkina Faso,25,29,1985,both,41.416673
854,BFA,Burkina Faso,30,34,1985,both,37.513013
854,BFA,Burkina Faso,35,39,1985,both,33.567953
854,BFA,Burkina Faso,40,44,1985,both,29.616255
854,BFA,Burkina Faso,45,49,1985,both,25.698423
854,BFA,Burkina Faso,50,54,1985,both,21.811473
854,BFA,Burkina Faso,55,59,1985,both,18.080771
854,BFA,Burkina Faso,60,64,1985,both,14.53293
854,BFA,Burkina Faso,65,69,1985,both,11.341387
854,BFA,Burkina Faso,70,74,1985,both,8.5124719
854,BFA,Burkina Faso,75,79,1985,both,6.188099
854,BFA,Burkina Faso,80,84,1985,both,4.3885498
854,BFA,Burkina Faso,85,89,1985,both,3.1229682
854,BFA,Burkina Faso,90,94,1985,both,2.2797155
854,BFA,Burkina Faso,95,99,1985,both,1.8340076
854,BFA,Burkina Faso,100,120,1985,both,1.4918499
854,BFA,Burkina Faso,0,0,1990,both,49.332368
854,BFA,Burkina Faso,1,4,1990,both,54.018685
854,BFA,Burkina Faso,5,9,1990,both,56.623738
854,BFA,Burkina Faso,10,14,1990,both,52.968627
854,BFA,Burkina Faso,15,19,1990,both,48.670583
854,BFA,Burkina Faso,20,24,1990,both,44.6225
854,BFA,Burkina Faso,25,29,1990,both,40.844313
854,BFA,Burkina Faso,30,34,1990,both,37.010627
854,BFA,Burkina Faso,35,39,1990,both,33.126929
854,BFA,Burkina Faso,40,44,1990,both,29.231673
854,BFA,Burkina Faso,45,49,1990,both,25.362939
854,BFA,Burkina Faso,50,54,1990,both,21.518038
854,BFA,Burkina Faso,55,59,1990,both,17.825762
854,BFA,Burkina Faso,60,64,1990,both,14.312336
854,BFA,Burkina Faso,65,69,1990,both,11.158216
854,BFA,Burkina Faso,70,74,1990,both,8.3683889
854,BFA,Burkina Faso,75,79,1990,both,6.0839391
854,BFA,Burkina Faso,80,84,1990,both,4.3185526
854,BFA,Burkina Faso,85,89,1990,both,3.0804398
854,BFA,Burkina Faso,90,94,1990,both,2.2550805
854,BFA,Burkina Faso,95,99,1990,both,1.8180006
854,BFA,Burkina Faso,100,120,1990,both,1.482361
854,BFA,Burkina Faso,0,0,1995,both,49.860276
854,BFA,Burkina Faso,1,4,1995,both,54.33205
854,BFA,Burkina Faso,5,9,1995,both,56.273868
854,BFA,Burkina Faso,10,14,1995,both,52.656117
854,BFA,Burkina Faso,15,19,1995,both,48.374994
854,BFA,Burkina Faso,20,24,1995,both,44.35242
854,BFA,Burkina Faso,25,29,1995,both,40.611739
854,BFA,Burkina Faso,30,34,1995,both,36.81057
854,BFA,Burkina Faso,35,39,1995,both,32.95425
854,BFA,Burkina Faso,40,44,1995,both,29.084619
854,BFA,Burkina Faso,45,49,1995,both,25.239844
854,BFA,Burkina Faso,50,54,1995,both,21.414468
854,BFA,Burkina Faso,55,59,1995,both,17.740446
854,BFA,Burkina Faso,60,64,1995,both,14.242974
854,BFA,Burkina Faso,65,69,1995,both,11.103006
854,BFA,Burkina Faso,70,74,1995,both,8.3247269
854,BFA,Burkina Faso,75,79,1995,both,6.0519627
854,BFA,Burkina Faso,80,84,1995,both,4.2971942
854,BFA,Burkina Faso,85,89,1995,both,3.068519
854,BFA,Burkina Faso,90,94,1995,both,2.2490162
854,BFA,Burkina Faso,95,99,1995,both,1.8165298
854,BFA,Burkina Faso,100,120,1995,both,1.4831178
854,BFA,Burkina Faso,0,0,2000,both,51.607292
854,BFA,Burkina Faso,1,4,2000,both,55.680219
854,BFA,Burkina Faso,5,9,2000,both,57.128759
854,BFA,Burkina Faso,10,14,2000,both,53.411903
854,BFA,Burkina Faso,15,19,2000,both,49.085981
854,BFA,Burkina Faso,20,24,2000,both,45.004327
854,BFA,Burkina Faso,25,29,2000,both,41.181433
854,BFA,Burkina Faso,30,34,2000,both,37.307353
854,BFA,Burkina Faso,35,39,2000,both,33.389803
854,BFA,Burkina Faso,40,44,2000,both,29.464494
854,BFA,Burkina Faso,45,49,2000,both,25.571247
854,BFA,Burkina Faso,50,54,2000,both,21.704538
854,BFA,Burkina Faso,55,59,2000,both,17.991826
854,BFA,Burkina Faso,60,64,2000,both,14.459606
854,BFA,Burkina Faso,65,69,2000,both,11.281582
854,BFA,Burkina Faso,70,74,2000,both,8.4637899
854,BFA,Burkina Faso,75,79,2000,both,6.1512932
854,BFA,Burkina Faso,80,84,2000,both,4.3624735
854,BFA,Burkina Faso,85,89,2000,both,3.1086311
854,BFA,Burkina Faso,90,94,2000,both,2.2736658
854,BFA,Burkina Faso,95,99,2000,both,1.8329681
854,BFA,Burkina Faso,100,120,2000,both,1.4956617
854,BFA,Burkina Faso,0,0,2005,both,55.273442
854,BFA,Burkina Faso,1,4,2005,both,58.896777
854,BFA,Burkina Faso,5,9,2005,both,58.740944
854,BFA,Burkina Faso,10,14,2005,both,54.841972
854,BFA,Burkina Faso,15,19,2005,both,50.431699
854,BFA,Burkina Faso,20,24,2005,both,46.24102
854,BFA,Burkina Faso,25,29,2005,both,42.273551
854,BFA,Burkina Faso,30,34,2005,both,38.267745
854,BFA,Burkina Faso,35,39,2005,both,34.236229
854,BFA,Burkina Faso,40,44,2005,both,30.205534
854,BFA,Burkina Faso,45,49,2005,both,26.218634
854,BFA,Burkina Faso,50,54,2005,both,22.274335
854,BFA,Burkina Faso,55,59,2005,both,18.490139
854,BFA,Burkina Faso,60,64,2005,both,14.888003
854,BFA,Burkina Faso,65,69,2005,both,11.632015
854,BFA,Burkina Faso,70,74,2005,both,8.7353482
854,BFA,Burkina Faso,75,79,2005,both,6.3460721
854,BFA,Burkina Faso,80,84,2005,both,4.4907715
854,BFA,Burkina Faso,85,89,2005,both,3.1830356
854,BFA,Burkina Faso,90,94,2005,both,2.2976021
854,BFA,Burkina Faso,95,99,2005,both,1.6520339
854,BFA,Burkina Faso,100,120,2005,both,0.62476814
854,BFA,Burkina Faso,0,0,2010,both,58.707677
854,BFA,Burkina Faso,1,4,2010,both,61.756684
854,BFA,Burkina Faso,5,9,2010,both,60.094265
854,BFA,Burkina Faso,10,14,2010,both,56.043361
854,BFA,Burkina Faso,15,19,2010,both,51.562752
854,BFA,Burkina Faso,20,24,2010,both,47.282802
854,BFA,Burkina Faso,25,29,2010,both,43.202884
854,BFA,Burkina Faso,30,34,2010,both,39.092008
854,BFA,Burkina Faso,35,39,2010,both,34.967597
854,BFA,Burkina Faso,40,44,2010,both,30.850674
854,BFA,Burkina Faso,45,49,2010,both,26.787961
854,BFA,Burkina Faso,50,54,2010,both,22.780688
854,BFA,Burkina Faso,55,59,2010,both,18.938971
854,BFA,Burkina Faso,60,64,2010,both,15.279514
854,BFA,Burkina Faso,65,69,2010,both,11.953658
854,BFA,Burkina Faso,70,74,2010,both,8.9853071
854,BFA,Burkina Faso,75,79,2010,both,6.5259065
854,BFA,Burkina Faso,80,84,2010,both,4.6104401
854,BFA,Burkina Faso,85,89,2010,both,3.2556702
854,BFA,Burkina Faso,90,94,2010,both,2.3389908
854,BFA,Burkina Faso,95,99,2010,both,1.6804208
854,BFA,Burkina Faso,100,120,2010,both,0.62703942
854,BFA,Burkina Faso,0,0,2015,both,60.918172
854,BFA,Burkina Faso,1,4,2015,both,63.399286
854,BFA,Burkina Faso,5,9,2015,both,61.393632
854,BFA,Burkina Faso,10,14,2015,both,57.202557
854,BFA,Burkina Faso,15,19,2015,both,52.646953
854,BFA,Burkina Faso,20,24,2015,both,48.268643
854,BFA,Burkina Faso,25,29,2015,both,44.06843
854,BFA,Burkina Faso,30,34,2015,both,39.847969
854,BFA,Burkina Faso,35,39,2015,both,35.622683
854,BFA,Burkina Faso,40,44,2015,both,31.412527
854,BFA,Burkina Faso,45,49,2015,both,27.263879
854,BFA,Burkina Faso,50,54,2015,both,23.18277
854,BFA,Burkina Faso,55,59,2015,both,19.273741
854,BFA,Burkina Faso,60,64,2015,both,15.556974
854,BFA,Burkina Faso,65,69,2015,both,12.174798
854,BFA,Burkina Faso,70,74,2015,both,9.1529656
854,BFA,Burkina Faso,75,79,2015,both,6.6452262
854,BFA,Burkina Faso,80,84,2015,both,4.6897898
854,BFA,Burkina Faso,85,89,2015,both,3.3045242
854,BFA,Burkina Faso,90,94,2015,both,2.3687371
854,BFA,Burkina Faso,95,99,2015,both,1.7189458
854,BFA,Burkina Faso,100,120,2015,both,0.59955549
854,BFA,Burkina Faso,0,0,2020,both,62.975271
854,BFA,Burkina Faso,1,4,2020,both,64.941587
854,BFA,Burkina Faso,5,9,2020,both,62.625092
854,BFA,Burkina Faso,10,14,2020,both,58.30628
854,BFA,Burkina Faso,15,19,2020,both,53.682419
854,BFA,Burkina Faso,20,24,2020,both,49.211755
854,BFA,Burkina Faso,25,29,2020,both,44.89796
854,BFA,Burkina Faso,30,34,2020,both,40.571743
854,BFA,Burkina Faso,35,39,2020,both,36.248942
854,BFA,Burkina Faso,40,44,2020,both,31.949294
854,BFA,Burkina Faso,45,49,2020,both,27.718032
854,BFA,Burkina Faso,50,54,2020,both,23.564375
854,BFA,Burkina Faso,55,59,2020,both,19.588386
854,BFA,Burkina Faso,60,64,2020,both,15.813956
854,BFA,Burkina Faso,65,69,2020,both,12.378816
854,BFA,Burkina Faso,70,74,2020,both,9.3082299
854,BFA,Burkina Faso,75,79,2020,both,6.7554841
854,BFA,Burkina Faso,80,84,2020,both,4.7635993
854,BFA,Burkina Faso,85,89,2020,both,3.3513339
854,BFA,Burkina Faso,90,94,2020,both,2.3970731
854,BFA,Burkina Faso,95,99,2020,both,1.7359193
854,BFA,Burkina Faso,100,120,2020,both,0.61110898
854,BFA,Burkina Faso,0,0,2025,both,64.794761
854,BFA,Burkina Faso,1,4,2025,both,66.315451
854,BFA,Burkina Faso,5,9,2025,both,63.728518
854,BFA,Burkina Faso,10,14,2025,both,59.301764
854,BFA,Burkina Faso,15,19,2025,both,54.621115
854,BFA,Burkina Faso,20,24,2025,both,50.073098
854,BFA,Burkina Faso,25,29,2025,both,45.66369
854,BFA,Burkina Faso,30,34,2025,both,41.248959
854,BFA,Burkina Faso,35,39,2025,both,36.844536
854,BFA,Burkina Faso,40,44,2025,both,32.469759
854,BFA,Burkina Faso,45,49,2025,both,28.169495
854,BFA,Burkina Faso,50,54,2025,both,23.954514
854,BFA,Burkina Faso,55,59,2025,both,19.922273
854,BFA,Burkina Faso,60,64,2025,both,16.096647
854,BFA,Burkina Faso,65,69,2025,both,12.613517
854,BFA,Burkina Faso,70,74,2025,both,9.5007169
854,BFA,Burkina Faso,75,79,2025,both,6.9062682
854,BFA,Burkina Faso,80,84,2025,both,4.8753379
854,BFA,Burkina Faso,85,89,2025,both,3.4302987
854,BFA,Burkina Faso,90,94,2025,both,2.4518801
854,BFA,Burkina Faso,95,99,2025,both,1.7741084
854,BFA,Burkina Faso,100,120,2025,both,0.66054943
854,BFA,Burkina Faso,0,0,2030,both,66.345367
854,BFA,Burkina Faso,1,4,2030,both,67.487016
854,BFA,Burkina Faso,5,9,2030,both,64.668248
854,BFA,Burkina Faso,10,14,2030,both,60.150406
854,BFA,Burkina Faso,15,19,2030,both,55.422535
854,BFA,Burkina Faso,20,24,2030,both,50.811696
854,BFA,Burkina Faso,25,29,2030,both,46.324947
854,BFA,Burkina Faso,30,34,2030,both,41.838466
854,BFA,Burkina Faso,35,39,2030,both,37.367449
854,BFA,Burkina Faso,40,44,2030,both,32.930812
854,BFA,Burkina Faso,45,49,2030,both,28.573457
854,BFA,Burkina Faso,50,54,2030,both,24.307105
854,BFA,Burkina Faso,55,59,2030,both,20.22785
854,BFA,Burkina Faso,60,64,2030,both,16.358422
854,BFA,Burkina Faso,65,69,2030,both,12.833566
854,BFA,Burkina Faso,70,74,2030,both,9.6841174
854,BFA,Burkina Faso,75,79,2030,both,7.0544005
854,BFA,Burkina Faso,80,84,2030,both,4.9898549
854,BFA,Burkina Faso,85,89,2030,both,3.513415
854,BFA,Burkina Faso,90,94,2030,both,2.5106724
854,BFA,Burkina Faso,95,99,2030,both,1.8137497
854,BFA,Burkina Faso,100,120,2030,both,0.68204496
854,BFA,Burkina Faso,0,0,2035,both,67.672019
854,BFA,Burkina Faso,1,4,2035,both,68.502018
854,BFA,Burkina Faso,5,9,2035,both,65.48957
854,BFA,Burkina Faso,10,14,2035,both,60.897182
854,BFA,Burkina Faso,15,19,2035,both,56.131614
854,BFA,Burkina Faso,20,24,2035,both,51.472228
854,BFA,Burkina Faso,25,29,2035,both,46.926032
854,BFA,Burkina Faso,30,34,2035,both,42.383816
854,BFA,Burkina Faso,35,39,2035,both,37.86016
854,BFA,Burkina Faso,40,44,2035,both,33.373514
854,BFA,Burkina Faso,45,49,2035,both,28.969167
854,BFA,Burkina Faso,50,54,2035,both,24.659389
854,BFA,Burkina Faso,55,59,2035,both,20.539388
854,BFA,Burkina Faso,60,64,2035,both,16.630315
854,BFA,Burkina Faso,65,69,2035,both,13.066023
854,BFA,Burkina Faso,70,74,2035,both,9.8800242
854,BFA,Burkina Faso,75,79,2035,both,7.2136059
854,BFA,Burkina Faso,80,84,2035,both,5.1147775
854,BFA,Burkina Faso,85,89,2035,both,3.6057672
854,BFA,Burkina Faso,90,94,2035,both,2.5754065
854,BFA,Burkina Faso,95,99,2035,both,1.855667
854,BFA,Burkina Faso,100,120,2035,both,0.68661935
854,BFA,Burkina Faso,0,0,2040,both,68.809915
854,BFA,Burkina Faso,1,4,2040,both,69.38941
854,BFA,Burkina Faso,5,9,2040,both,66.218305
854,BFA,Burkina Faso,10,14,2040,both,61.565574
854,BFA,Burkina Faso,15,19,2040,both,56.769882
854,BFA,Burkina Faso,20,24,2040,both,52.072753
854,BFA,Burkina Faso,25,29,2040,both,47.480405
854,BFA,Burkina Faso,30,34,2040,both,42.894451
854,BFA,Burkina Faso,35,39,2040,both,38.328698
854,BFA,Burkina Faso,40,44,2040,both,33.801107
854,BFA,Burkina Faso,45,49,2040,both,29.357602
854,BFA,Burkina Faso,50,54,2040,both,25.010754
854,BFA,Burkina Faso,55,59,2040,both,20.855149
854,BFA,Burkina Faso,60,64,2040,both,16.909584
854,BFA,Burkina Faso,65,69,2040,both,13.30787
854,BFA,Burkina Faso,70,74,2040,both,10.085904
854,BFA,Burkina Faso,75,79,2040,both,7.3816395
854,BFA,Burkina Faso,80,84,2040,both,5.2463819
854,BFA,Burkina Faso,85,89,2040,both,3.7034664
854,BFA,Burkina Faso,90,94,2040,both,2.6452124
854,BFA,Burkina Faso,95,99,2040,both,1.9004754
854,BFA,Burkina Faso,100,120,2040,both,0.69977865
854,BFA,Burkina Faso,0,0,2045,both,69.787534
854,BFA,Burkina Faso,1,4,2045,both,70.184222
854,BFA,Burkina Faso,5,9,2045,both,66.890523
854,BFA,Burkina Faso,10,14,2045,both,62.191052
854,BFA,Burkina Faso,15,19,2045,both,57.372216
854,BFA,Burkina Faso,20,24,2045,both,52.646059
854,BFA,Burkina Faso,25,29,2045,both,48.017984
854,BFA,Burkina Faso,30,34,2045,both,43.397654
854,BFA,Burkina Faso,35,39,2045,both,38.798264
854,BFA,Burkina Faso,40,44,2045,both,34.237262
854,BFA,Burkina Faso,45,49,2045,both,29.760911
854,BFA,Burkina Faso,50,54,2045,both,25.382239
854,BFA,Burkina Faso,55,59,2045,both,21.194671
854,BFA,Burkina Faso,60,64,2045,both,17.213922
854,BFA,Burkina Faso,65,69,2045,both,13.573638
854,BFA,Burkina Faso,70,74,2045,both,10.312723
854,BFA,Burkina Faso,75,79,2045,both,7.5659664
854,BFA,Burkina Faso,80,84,2045,both,5.3884797
854,BFA,Burkina Faso,85,89,2045,both,3.8060389
854,BFA,Burkina Faso,90,94,2045,both,2.7169115
854,BFA,Burkina Faso,95,99,2045,both,1.9472522
854,BFA,Burkina Faso,100,120,2045,both,0.72973175
854,BFA,Burkina Faso,0,0,2050,both,70.666134
854,BFA,Burkina Faso,1,4,2050,both,70.922645
854,BFA,Burkina Faso,5,9,2050,both,67.530112
854,BFA,Burkina Faso,10,14,2050,both,62.792817
854,BFA,Burkina Faso,15,19,2050,both,57.955235
854,BFA,Burkina Faso,20,24,2050,both,53.205822
854,BFA,Burkina Faso,25,29,2050,both,48.548946
854,BFA,Burkina Faso,30,34,2050,both,43.900507
854,BFA,Burkina Faso,35,39,2050,both,39.273105
854,BFA,Burkina Faso,40,44,2050,both,34.68367
854,BFA,Burkina Faso,45,49,2050,both,30.178629
854,BFA,Burkina Faso,50,54,2050,both,25.771267
854,BFA,Burkina Faso,55,59,2050,both,21.554098
854,BFA,Burkina Faso,60,64,2050,both,17.539051
854,BFA,Burkina Faso,65,69,2050,both,13.859269
854,BFA,Burkina Faso,70,74,2050,both,10.556713
854,BFA,Burkina Faso,75,79,2050,both,7.7637327
854,BFA,Burkina Faso,80,84,2050,both,5.5397341
854,BFA,Burkina Faso,85,89,2050,both,3.9133906
854,BFA,Burkina Faso,90,94,2050,both,2.7892541
854,BFA,Burkina Faso,95,99,2050,both,1.9925086
854,BFA,Burkina Faso,100,120,2050,both,0.7515902
854,BFA,Burkina Faso,0,0,2055,both,71.461824
854,BFA,Burkina Faso,1,4,2055,both,71.61117
854,BFA,Burkina Faso,5,9,2055,both,68.141517
854,BFA,Burkina Faso,10,14,2055,both,63.374942
854,BFA,Burkina Faso,15,19,2055,both,58.522872
854,BFA,Burkina Faso,20,24,2055,both,53.755576
854,BFA,Burkina Faso,25,29,2055,both,49.076346
854,BFA,Burkina Faso,30,34,2055,both,44.405934
854,BFA,Burkina Faso,35,39,2055,both,39.756303
854,BFA,Burkina Faso,40,44,2055,both,35.143716
854,BFA,Burkina Faso,45,49,2055,both,30.614362
854,BFA,Burkina Faso,50,54,2055,both,26.181603
854,BFA,Burkina Faso,55,59,2055,both,21.936898
854,BFA,Burkina Faso,60,64,2055,both,17.88862
854,BFA,Burkina Faso,65,69,2055,both,14.169046
854,BFA,Burkina Faso,70,74,2055,both,10.822875
854,BFA,Burkina Faso,75,79,2055,both,7.9801748
854,BFA,Burkina Faso,80,84,2055,both,5.7056461
854,BFA,Burkina Faso,85,89,2055,both,4.0314413
854,BFA,Burkina Faso,90,94,2055,both,2.8682065
854,BFA,Burkina Faso,95,99,2055,both,2.0403054
854,BFA,Burkina Faso,100,120,2055,both,0.77576698
854,BFA,Burkina Faso,0,0,2060,both,72.21794
854,BFA,Burkina Faso,1,4,2060,both,72.281152
854,BFA,Burkina Faso,5,9,2060,both,68.749396
854,BFA,Burkina Faso,10,14,2060,both,63.959305
854,BFA,Burkina Faso,15,19,2060,both,59.095476
854,BFA,Burkina Faso,20,24,2060,both,54.313789
854,BFA,Burkina Faso,25,29,2060,both,49.616434
854,BFA,Burkina Faso,30,34,2060,both,44.928103
854,BFA,Burkina Faso,35,39,2060,both,40.260171
854,BFA,Burkina Faso,40,44,2060,both,35.62804
854,BFA,Burkina Faso,45,49,2060,both,31.077272
854,BFA,Burkina Faso,50,54,2060,both,26.621103
854,BFA,Burkina Faso,55,59,2060,both,22.349785
854,BFA,Burkina Faso,60,64,2060,both,18.267939
854,BFA,Burkina Faso,65,69,2060,both,14.507393
854,BFA,Burkina Faso,70,74,2060,both,11.115212
854,BFA,Burkina Faso,75,79,2060,both,8.2189323
854,BFA,Burkina Faso,80,84,2060,both,5.8889206
854,BFA,Burkina Faso,85,89,2060,both,4.16218
854,BFA,Burkina Faso,90,94,2060,both,2.9557427
854,BFA,Burkina Faso,95,99,2060,both,2.0931138
854,BFA,Burkina Faso,100,120,2060,both,0.80539121
854,BFA,Burkina Faso,0,0,2065,both,72.908185
854,BFA,Burkina Faso,1,4,2065,both,72.906123
854,BFA,Burkina Faso,5,9,2065,both,69.325056
854,BFA,Burkina Faso,10,14,2065,both,64.516309
854,BFA,Burkina Faso,15,19,2065,both,59.64314
854,BFA,Burkina Faso,20,24,2065,both,54.850276
854,BFA,Burkina Faso,25,29,2065,both,50.138788
854,BFA,Burkina Faso,30,34,2065,both,45.436325
854,BFA,Burkina Faso,35,39,2065,both,40.75375
854,BFA,Burkina Faso,40,44,2065,both,36.10556
854,BFA,Burkina Faso,45,49,2065,both,31.536617
854,BFA,Burkina Faso,50,54,2065,both,27.059834
854,BFA,Burkina Faso,55,59,2065,both,22.764515
854,BFA,Burkina Faso,60,64,2065,both,18.651055
854,BFA,Burkina Faso,65,69,2065,both,14.850859
854,BFA,Burkina Faso,70,74,2065,both,11.413782
854,BFA,Burkina Faso,75,79,2065,both,8.4643373
854,BFA,Burkina Faso,80,84,2065,both,6.07824
854,BFA,Burkina Faso,85,89,2065,both,4.2975563
854,BFA,Burkina Faso,90,94,2065,both,3.0465602
854,BFA,Burkina Faso,95,99,2065,both,2.1479096
854,BFA,Burkina Faso,100,120,2065,both,0.83613807
854,BFA,Burkina Faso,0,0,2070,both,73.606204
854,BFA,Burkina Faso,1,4,2070,both,73.546656
854,BFA,Burkina Faso,5,9,2070,both,69.923286
854,BFA,Burkina Faso,10,14,2070,both,65.098548
854,BFA,Burkina Faso,15,19,2070,both,60.217288
854,BFA,Burkina Faso,20,24,2070,both,55.414701
854,BFA,Burkina Faso,25,29,2070,both,50.690724
854,BFA,Burkina Faso,30,34,2070,both,45.975767
854,BFA,Burkina Faso,35,39,2070,both,41.280148
854,BFA,Burkina Faso,40,44,2070,both,36.617361
854,BFA,Burkina Faso,45,49,2070,both,32.031244
854,BFA,Burkina Faso,50,54,2070,both,27.534254
854,BFA,Burkina Faso,55,59,2070,both,23.214595
854,BFA,Burkina Faso,60,64,2070,both,19.068554
854,BFA,Burkina Faso,65,69,2070,both,15.226585
854,BFA,Burkina Faso,70,74,2070,both,11.741371
854,BFA,Burkina Faso,75,79,2070,both,8.7349281
854,BFA,Burkina Faso,80,84,2070,both,6.2882209
854,BFA,Burkina Faso,85,89,2070,both,4.4485878
854,BFA,Burkina Faso,90,94,2070,both,3.1479508
854,BFA,Burkina Faso,95,99,2070,both,2.2089714
854,BFA,Burkina Faso,100,120,2070,both,0.86811963
854,BFA,Burkina Faso,0,0,2075,both,74.272278
854,BFA,Burkina Faso,1,4,2075,both,74.165752
854,BFA,Burkina Faso,5,9,2075,both,70.507446
854,BFA,Burkina Faso,10,14,2075,both,65.66948
854,BFA,Burkina Faso,15,19,2075,both,60.781477
854,BFA,Burkina Faso,20,24,2075,both,55.970816
854,BFA,Burkina Faso,25,29,2075,both,51.236295
854,BFA,Burkina Faso,30,34,2075,both,46.510742
854,BFA,Burkina Faso,35,39,2075,both,41.80395
854,BFA,Burkina Faso,40,44,2075,both,37.128404
854,BFA,Burkina Faso,45,49,2075,both,32.5268
854,BFA,Burkina Faso,50,54,2075,both,28.011064
854,BFA,Burkina Faso,55,59,2075,both,23.668361
854,BFA,Burkina Faso,60,64,2075,both,19.490788
854,BFA,Burkina Faso,65,69,2075,both,15.608086
854,BFA,Burkina Faso,70,74,2075,both,12.075241
854,BFA,Burkina Faso,75,79,2075,both,9.0116309
854,BFA,Burkina Faso,80,84,2075,both,6.5040649
854,BFA,Burkina Faso,85,89,2075,both,4.6048097
854,BFA,Burkina Faso,90,94,2075,both,3.2532499
854,BFA,Burkina Faso,95,99,2075,both,2.2721883
854,BFA,Burkina Faso,100,120,2075,both,0.90109467
854,BFA,Burkina Faso,0,0,2080,both,74.925139
854,BFA,Burkina Faso,1,4,2080,both,74.780716
854,BFA,Burkina Faso,5,9,2080,both,71.094367
854,BFA,Burkina Faso,10,14,2080,both,66.245777
854,BFA,Burkina Faso,15,19,2080,both,61.352197
854,BFA,Burkina Faso,20,24,2080,both,56.534703
854,BFA,Burkina Faso,25,29,2080,both,51.791138
854,BFA,Burkina Faso,30,34,2080,both,47.056386
854,BFA,Burkina Faso,35,39,2080,both,42.339589
854,BFA,Burkina Faso,40,44,2080,both,37.652279
854,BFA,Burkina Faso,45,49,2080,both,33.036086
854,BFA,Burkina Faso,50,54,2080,both,28.502299
854,BFA,Burkina Faso,55,59,2080,both,24.136951
854,BFA,Burkina Faso,60,64,2080,both,19.928259
854,BFA,Burkina Faso,65,69,2080,both,16.004905
854,BFA,Burkina Faso,70,74,2080,both,12.424318
854,BFA,Burkina Faso,75,79,2080,both,9.3027232
854,BFA,Burkina Faso,80,84,2080,both,6.7322774
854,BFA,Burkina Faso,85,89,2080,both,4.7711934
854,BFA,Burkina Faso,90,94,2080,both,3.3662042
854,BFA,Burkina Faso,95,99,2080,both,2.3401877
854,BFA,Burkina Faso,100,120,2080,both,0.93720422
854,BFA,Burkina Faso,0,0,2085,both,75.579182
854,BFA,Burkina Faso,1,4,2085,both,75.401411
854,BFA,Burkina Faso,5,9,2085,both,71.690946
854,BFA,Burkina Faso,10,14,2085,both,66.833093
854,BFA,Burkina Faso,15,19,2085,both,61.934483
854,BFA,Burkina Faso,20,24,2085,both,57.110622
854,BFA,Burkina Faso,25,29,2085,both,52.358436
854,BFA,Burkina Faso,30,34,2085,both,47.61482
854,BFA,Burkina Faso,35,39,2085,both,42.888243
854,BFA,Burkina Faso,40,44,2085,both,38.189333
854,BFA,Burkina Faso,45,49,2085,both,33.558644
854,BFA,Burkina Faso,50,54,2085,both,29.006826
854,BFA,Burkina Faso,55,59,2085,both,24.618712
854,BFA,Burkina Faso,60,64,2085,both,20.378904
854,BFA,Burkina Faso,65,69,2085,both,16.414831
854,BFA,Burkina Faso,70,74,2085,both,12.786216
854,BFA,Burkina Faso,75,79,2085,both,9.6061632
854,BFA,Burkina Faso,80,84,2085,both,6.9713582
854,BFA,Burkina Faso,85,89,2085,both,4.9459383
854,BFA,Burkina Faso,90,94,2085,both,3.4851731
854,BFA,Burkina Faso,95,99,2085,both,2.4120288
854,BFA,Burkina Faso,100,120,2085,both,0.97698264
854,BFA,Burkina Faso,0,0,2090,both,76.242504
854,BFA,Burkina Faso,1,4,2090,both,76.034692
854,BFA,Burkina Faso,5,9,2090,both,72.303411
854,BFA,Burkina Faso,10,14,2090,both,67.437237
854,BFA,Burkina Faso,15,19,2090,both,62.533884
854,BFA,Burkina Faso,20,24,2090,both,57.703669
854,BFA,Burkina Faso,25,29,2090,both,52.942557
854,BFA,Burkina Faso,30,34,2090,both,48.189688
854,BFA,Burkina Faso,35,39,2090,both,43.452888
854,BFA,Burkina Faso,40,44,2090,both,38.741951
854,BFA,Burkina Faso,45,49,2090,both,34.096325
854,BFA,Burkina Faso,50,54,2090,both,29.525968
854,BFA,Burkina Faso,55,59,2090,both,25.114428
854,BFA,Burkina Faso,60,64,2090,both,20.843016
854,BFA,Burkina Faso,65,69,2090,both,16.837672
854,BFA,Burkina Faso,70,74,2090,both,13.16038
854,BFA,Burkina Faso,75,79,2090,both,9.9209423
854,BFA,Burkina Faso,80,84,2090,both,7.2205674
854,BFA,Burkina Faso,85,89,2090,both,5.1288218
854,BFA,Burkina Faso,90,94,2090,both,3.6096276
854,BFA,Burkina Faso,95,99,2090,both,2.4875037
854,BFA,Burkina Faso,100,120,2090,both,1.0211364
854,BFA,Burkina Faso,0,0,2095,both,76.894227
854,BFA,Burkina Faso,1,4,2095,both,76.66008
854,BFA,Burkina Faso,5,9,2095,both,72.910882
854,BFA,Burkina Faso,10,14,2095,both,68.03729
854,BFA,Burkina Faso,15,19,2095,both,63.129528
854,BFA,Burkina Faso,20,24,2095,both,58.293139
854,BFA,Burkina Faso,25,29,2095,both,53.523123
854,BFA,Burkina Faso,30,34,2095,both,48.760904
854,BFA,Burkina Faso,35,39,2095,both,44.01376
854,BFA,Burkina Faso,40,44,2095,both,39.290766
854,BFA,Burkina Faso,45,49,2095,both,34.630293
854,BFA,Burkina Faso,50,54,2095,both,30.041684
854,BFA,Burkina Faso,55,59,2095,both,25.607229
854,BFA,Burkina Faso,60,64,2095,both,21.305126
854,BFA,Burkina Faso,65,69,2095,both,17.259779
854,BFA,Burkina Faso,70,74,2095,both,13.535266
854,BFA,Burkina Faso,75,79,2095,both,10.237846
854,BFA,Burkina Faso,80,84,2095,both,7.4727515
854,BFA,Burkina Faso,85,89,2095,both,5.3149972
854,BFA,Burkina Faso,90,94,2095,both,3.7368295
854,BFA,Burkina Faso,95,99,2095,both,2.5647425
854,BFA,Burkina Faso,100,120,2095,both,1.069695
